fname,label
abort (1).wav,abort
abort (10).wav,abort
abort (100).wav,abort
abort (11).wav,abort
abort (12).wav,abort
abort (13).wav,abort
abort (14).wav,abort
abort (15).wav,abort
abort (16).wav,abort
abort (17).wav,abort
abort (18).wav,abort
abort (19).wav,abort
abort (2).wav,abort
abort (20).wav,abort
abort (21).wav,abort
abort (22).wav,abort
abort (23).wav,abort
abort (24).wav,abort
abort (25).wav,abort
abort (26).wav,abort
abort (27).wav,abort
abort (28).wav,abort
abort (29).wav,abort
abort (3).wav,abort
abort (30).wav,abort
abort (31).wav,abort
abort (32).wav,abort
abort (33).wav,abort
abort (34).wav,abort
abort (35).wav,abort
abort (36).wav,abort
abort (37).wav,abort
abort (38).wav,abort
abort (39).wav,abort
abort (4).wav,abort
abort (40).wav,abort
abort (41).wav,abort
abort (42).wav,abort
abort (43).wav,abort
abort (44).wav,abort
abort (45).wav,abort
abort (46).wav,abort
abort (47).wav,abort
abort (48).wav,abort
abort (49).wav,abort
abort (5).wav,abort
abort (50).wav,abort
abort (51).wav,abort
abort (52).wav,abort
abort (53).wav,abort
abort (54).wav,abort
abort (55).wav,abort
abort (56).wav,abort
abort (57).wav,abort
abort (58).wav,abort
abort (59).wav,abort
abort (6).wav,abort
abort (60).wav,abort
abort (61).wav,abort
abort (62).wav,abort
abort (63).wav,abort
abort (64).wav,abort
abort (65).wav,abort
abort (66).wav,abort
abort (67).wav,abort
abort (68).wav,abort
abort (69).wav,abort
abort (7).wav,abort
abort (70).wav,abort
abort (71).wav,abort
abort (72).wav,abort
abort (73).wav,abort
abort (74).wav,abort
abort (75).wav,abort
abort (76).wav,abort
abort (77).wav,abort
abort (78).wav,abort
abort (79).wav,abort
abort (8).wav,abort
abort (80).wav,abort
abort (81).wav,abort
abort (82).wav,abort
abort (83).wav,abort
abort (84).wav,abort
abort (85).wav,abort
abort (86).wav,abort
abort (87).wav,abort
abort (88).wav,abort
abort (89).wav,abort
abort (9).wav,abort
abort (90).wav,abort
abort (91).wav,abort
abort (92).wav,abort
abort (93).wav,abort
abort (94).wav,abort
abort (95).wav,abort
abort (96).wav,abort
abort (97).wav,abort
abort (98).wav,abort
abort (99).wav,abort
activate (1).wav,activate
activate (10).wav,activate
activate (100).wav,activate
activate (11).wav,activate
activate (12).wav,activate
activate (13).wav,activate
activate (14).wav,activate
activate (15).wav,activate
activate (16).wav,activate
activate (17).wav,activate
activate (18).wav,activate
activate (19).wav,activate
activate (2).wav,activate
activate (20).wav,activate
activate (21).wav,activate
activate (22).wav,activate
activate (23).wav,activate
activate (24).wav,activate
activate (25).wav,activate
activate (26).wav,activate
activate (27).wav,activate
activate (28).wav,activate
activate (29).wav,activate
activate (3).wav,activate
activate (30).wav,activate
activate (31).wav,activate
activate (32).wav,activate
activate (33).wav,activate
activate (34).wav,activate
activate (35).wav,activate
activate (36).wav,activate
activate (37).wav,activate
activate (38).wav,activate
activate (39).wav,activate
activate (4).wav,activate
activate (40).wav,activate
activate (41).wav,activate
activate (42).wav,activate
activate (43).wav,activate
activate (44).wav,activate
activate (45).wav,activate
activate (46).wav,activate
activate (47).wav,activate
activate (48).wav,activate
activate (49).wav,activate
activate (5).wav,activate
activate (50).wav,activate
activate (51).wav,activate
activate (52).wav,activate
activate (53).wav,activate
activate (54).wav,activate
activate (55).wav,activate
activate (56).wav,activate
activate (57).wav,activate
activate (58).wav,activate
activate (59).wav,activate
activate (6).wav,activate
activate (60).wav,activate
activate (61).wav,activate
activate (62).wav,activate
activate (63).wav,activate
activate (64).wav,activate
activate (65).wav,activate
activate (66).wav,activate
activate (67).wav,activate
activate (68).wav,activate
activate (69).wav,activate
activate (7).wav,activate
activate (70).wav,activate
activate (71).wav,activate
activate (72).wav,activate
activate (73).wav,activate
activate (74).wav,activate
activate (75).wav,activate
activate (76).wav,activate
activate (77).wav,activate
activate (78).wav,activate
activate (79).wav,activate
activate (8).wav,activate
activate (80).wav,activate
activate (81).wav,activate
activate (82).wav,activate
activate (83).wav,activate
activate (84).wav,activate
activate (85).wav,activate
activate (86).wav,activate
activate (87).wav,activate
activate (88).wav,activate
activate (89).wav,activate
activate (9).wav,activate
activate (90).wav,activate
activate (91).wav,activate
activate (92).wav,activate
activate (93).wav,activate
activate (94).wav,activate
activate (95).wav,activate
activate (96).wav,activate
activate (97).wav,activate
activate (98).wav,activate
activate (99).wav,activate
centroid (1).wav,centroid
centroid (10).wav,centroid
centroid (100).wav,centroid
centroid (11).wav,centroid
centroid (12).wav,centroid
centroid (13).wav,centroid
centroid (14).wav,centroid
centroid (15).wav,centroid
centroid (16).wav,centroid
centroid (17).wav,centroid
centroid (18).wav,centroid
centroid (19).wav,centroid
centroid (2).wav,centroid
centroid (20).wav,centroid
centroid (21).wav,centroid
centroid (22).wav,centroid
centroid (23).wav,centroid
centroid (24).wav,centroid
centroid (25).wav,centroid
centroid (26).wav,centroid
centroid (27).wav,centroid
centroid (28).wav,centroid
centroid (29).wav,centroid
centroid (3).wav,centroid
centroid (30).wav,centroid
centroid (31).wav,centroid
centroid (32).wav,centroid
centroid (33).wav,centroid
centroid (34).wav,centroid
centroid (35).wav,centroid
centroid (36).wav,centroid
centroid (37).wav,centroid
centroid (38).wav,centroid
centroid (39).wav,centroid
centroid (4).wav,centroid
centroid (40).wav,centroid
centroid (41).wav,centroid
centroid (42).wav,centroid
centroid (43).wav,centroid
centroid (44).wav,centroid
centroid (45).wav,centroid
centroid (46).wav,centroid
centroid (47).wav,centroid
centroid (48).wav,centroid
centroid (49).wav,centroid
centroid (5).wav,centroid
centroid (50).wav,centroid
centroid (51).wav,centroid
centroid (52).wav,centroid
centroid (53).wav,centroid
centroid (54).wav,centroid
centroid (55).wav,centroid
centroid (56).wav,centroid
centroid (57).wav,centroid
centroid (58).wav,centroid
centroid (59).wav,centroid
centroid (6).wav,centroid
centroid (60).wav,centroid
centroid (61).wav,centroid
centroid (62).wav,centroid
centroid (63).wav,centroid
centroid (64).wav,centroid
centroid (65).wav,centroid
centroid (66).wav,centroid
centroid (67).wav,centroid
centroid (68).wav,centroid
centroid (69).wav,centroid
centroid (7).wav,centroid
centroid (70).wav,centroid
centroid (71).wav,centroid
centroid (72).wav,centroid
centroid (73).wav,centroid
centroid (74).wav,centroid
centroid (75).wav,centroid
centroid (76).wav,centroid
centroid (77).wav,centroid
centroid (78).wav,centroid
centroid (79).wav,centroid
centroid (8).wav,centroid
centroid (80).wav,centroid
centroid (81).wav,centroid
centroid (82).wav,centroid
centroid (83).wav,centroid
centroid (84).wav,centroid
centroid (85).wav,centroid
centroid (86).wav,centroid
centroid (87).wav,centroid
centroid (88).wav,centroid
centroid (89).wav,centroid
centroid (9).wav,centroid
centroid (90).wav,centroid
centroid (91).wav,centroid
centroid (92).wav,centroid
centroid (93).wav,centroid
centroid (94).wav,centroid
centroid (95).wav,centroid
centroid (96).wav,centroid
centroid (97).wav,centroid
centroid (98).wav,centroid
centroid (99).wav,centroid
edge (1).wav,edge
edge (10).wav,edge
edge (100).wav,edge
edge (11).wav,edge
edge (12).wav,edge
edge (13).wav,edge
edge (14).wav,edge
edge (15).wav,edge
edge (16).wav,edge
edge (17).wav,edge
edge (18).wav,edge
edge (19).wav,edge
edge (2).wav,edge
edge (20).wav,edge
edge (21).wav,edge
edge (22).wav,edge
edge (23).wav,edge
edge (24).wav,edge
edge (25).wav,edge
edge (26).wav,edge
edge (27).wav,edge
edge (28).wav,edge
edge (29).wav,edge
edge (3).wav,edge
edge (30).wav,edge
edge (31).wav,edge
edge (32).wav,edge
edge (33).wav,edge
edge (34).wav,edge
edge (35).wav,edge
edge (36).wav,edge
edge (37).wav,edge
edge (38).wav,edge
edge (39).wav,edge
edge (4).wav,edge
edge (40).wav,edge
edge (41).wav,edge
edge (42).wav,edge
edge (43).wav,edge
edge (44).wav,edge
edge (45).wav,edge
edge (46).wav,edge
edge (47).wav,edge
edge (48).wav,edge
edge (49).wav,edge
edge (5).wav,edge
edge (50).wav,edge
edge (51).wav,edge
edge (52).wav,edge
edge (53).wav,edge
edge (54).wav,edge
edge (55).wav,edge
edge (56).wav,edge
edge (57).wav,edge
edge (58).wav,edge
edge (59).wav,edge
edge (6).wav,edge
edge (60).wav,edge
edge (61).wav,edge
edge (62).wav,edge
edge (63).wav,edge
edge (64).wav,edge
edge (65).wav,edge
edge (66).wav,edge
edge (67).wav,edge
edge (68).wav,edge
edge (69).wav,edge
edge (7).wav,edge
edge (70).wav,edge
edge (71).wav,edge
edge (72).wav,edge
edge (73).wav,edge
edge (74).wav,edge
edge (75).wav,edge
edge (76).wav,edge
edge (77).wav,edge
edge (78).wav,edge
edge (79).wav,edge
edge (8).wav,edge
edge (80).wav,edge
edge (81).wav,edge
edge (82).wav,edge
edge (83).wav,edge
edge (84).wav,edge
edge (85).wav,edge
edge (86).wav,edge
edge (87).wav,edge
edge (88).wav,edge
edge (89).wav,edge
edge (9).wav,edge
edge (90).wav,edge
edge (91).wav,edge
edge (92).wav,edge
edge (93).wav,edge
edge (94).wav,edge
edge (95).wav,edge
edge (96).wav,edge
edge (97).wav,edge
edge (98).wav,edge
edge (99).wav,edge
launch (1).wav,launch
launch (10).wav,launch
launch (100).wav,launch
launch (11).wav,launch
launch (12).wav,launch
launch (13).wav,launch
launch (14).wav,launch
launch (15).wav,launch
launch (16).wav,launch
launch (17).wav,launch
launch (18).wav,launch
launch (19).wav,launch
launch (2).wav,launch
launch (20).wav,launch
launch (21).wav,launch
launch (22).wav,launch
launch (23).wav,launch
launch (24).wav,launch
launch (25).wav,launch
launch (26).wav,launch
launch (27).wav,launch
launch (28).wav,launch
launch (29).wav,launch
launch (3).wav,launch
launch (30).wav,launch
launch (31).wav,launch
launch (32).wav,launch
launch (33).wav,launch
launch (34).wav,launch
launch (35).wav,launch
launch (36).wav,launch
launch (37).wav,launch
launch (38).wav,launch
launch (39).wav,launch
launch (4).wav,launch
launch (40).wav,launch
launch (41).wav,launch
launch (42).wav,launch
launch (43).wav,launch
launch (44).wav,launch
launch (45).wav,launch
launch (46).wav,launch
launch (47).wav,launch
launch (48).wav,launch
launch (49).wav,launch
launch (5).wav,launch
launch (50).wav,launch
launch (51).wav,launch
launch (52).wav,launch
launch (53).wav,launch
launch (54).wav,launch
launch (55).wav,launch
launch (56).wav,launch
launch (57).wav,launch
launch (58).wav,launch
launch (59).wav,launch
launch (6).wav,launch
launch (60).wav,launch
launch (61).wav,launch
launch (62).wav,launch
launch (63).wav,launch
launch (64).wav,launch
launch (65).wav,launch
launch (66).wav,launch
launch (67).wav,launch
launch (68).wav,launch
launch (69).wav,launch
launch (7).wav,launch
launch (70).wav,launch
launch (71).wav,launch
launch (72).wav,launch
launch (73).wav,launch
launch (74).wav,launch
launch (75).wav,launch
launch (76).wav,launch
launch (77).wav,launch
launch (78).wav,launch
launch (79).wav,launch
launch (8).wav,launch
launch (80).wav,launch
launch (81).wav,launch
launch (82).wav,launch
launch (83).wav,launch
launch (84).wav,launch
launch (85).wav,launch
launch (86).wav,launch
launch (87).wav,launch
launch (88).wav,launch
launch (89).wav,launch
launch (9).wav,launch
launch (90).wav,launch
launch (91).wav,launch
launch (92).wav,launch
launch (93).wav,launch
launch (94).wav,launch
launch (95).wav,launch
launch (96).wav,launch
launch (97).wav,launch
launch (98).wav,launch
launch (99).wav,launch
switch (1).wav,switch
switch (10).wav,switch
switch (100).wav,switch
switch (11).wav,switch
switch (12).wav,switch
switch (13).wav,switch
switch (14).wav,switch
switch (15).wav,switch
switch (16).wav,switch
switch (17).wav,switch
switch (18).wav,switch
switch (19).wav,switch
switch (2).wav,switch
switch (20).wav,switch
switch (21).wav,switch
switch (22).wav,switch
switch (23).wav,switch
switch (24).wav,switch
switch (25).wav,switch
switch (26).wav,switch
switch (27).wav,switch
switch (28).wav,switch
switch (29).wav,switch
switch (3).wav,switch
switch (30).wav,switch
switch (31).wav,switch
switch (32).wav,switch
switch (33).wav,switch
switch (34).wav,switch
switch (35).wav,switch
switch (36).wav,switch
switch (37).wav,switch
switch (38).wav,switch
switch (39).wav,switch
switch (4).wav,switch
switch (40).wav,switch
switch (41).wav,switch
switch (42).wav,switch
switch (43).wav,switch
switch (44).wav,switch
switch (45).wav,switch
switch (46).wav,switch
switch (47).wav,switch
switch (48).wav,switch
switch (49).wav,switch
switch (5).wav,switch
switch (50).wav,switch
switch (51).wav,switch
switch (52).wav,switch
switch (53).wav,switch
switch (54).wav,switch
switch (55).wav,switch
switch (56).wav,switch
switch (57).wav,switch
switch (58).wav,switch
switch (59).wav,switch
switch (6).wav,switch
switch (60).wav,switch
switch (61).wav,switch
switch (62).wav,switch
switch (63).wav,switch
switch (64).wav,switch
switch (65).wav,switch
switch (66).wav,switch
switch (67).wav,switch
switch (68).wav,switch
switch (69).wav,switch
switch (7).wav,switch
switch (70).wav,switch
switch (71).wav,switch
switch (72).wav,switch
switch (73).wav,switch
switch (74).wav,switch
switch (75).wav,switch
switch (76).wav,switch
switch (77).wav,switch
switch (78).wav,switch
switch (79).wav,switch
switch (8).wav,switch
switch (80).wav,switch
switch (81).wav,switch
switch (82).wav,switch
switch (83).wav,switch
switch (84).wav,switch
switch (85).wav,switch
switch (86).wav,switch
switch (87).wav,switch
switch (88).wav,switch
switch (89).wav,switch
switch (9).wav,switch
switch (90).wav,switch
switch (91).wav,switch
switch (92).wav,switch
switch (93).wav,switch
switch (94).wav,switch
switch (95).wav,switch
switch (96).wav,switch
switch (97).wav,switch
switch (98).wav,switch
switch (99).wav,switch
track (1).wav,track
track (10).wav,track
track (100).wav,track
track (11).wav,track
track (12).wav,track
track (13).wav,track
track (14).wav,track
track (15).wav,track
track (16).wav,track
track (17).wav,track
track (18).wav,track
track (19).wav,track
track (2).wav,track
track (20).wav,track
track (21).wav,track
track (22).wav,track
track (23).wav,track
track (24).wav,track
track (25).wav,track
track (26).wav,track
track (27).wav,track
track (28).wav,track
track (29).wav,track
track (3).wav,track
track (30).wav,track
track (31).wav,track
track (32).wav,track
track (33).wav,track
track (34).wav,track
track (35).wav,track
track (36).wav,track
track (37).wav,track
track (38).wav,track
track (39).wav,track
track (4).wav,track
track (40).wav,track
track (41).wav,track
track (42).wav,track
track (43).wav,track
track (44).wav,track
track (45).wav,track
track (46).wav,track
track (47).wav,track
track (48).wav,track
track (49).wav,track
track (5).wav,track
track (50).wav,track
track (51).wav,track
track (52).wav,track
track (53).wav,track
track (54).wav,track
track (55).wav,track
track (56).wav,track
track (57).wav,track
track (58).wav,track
track (59).wav,track
track (6).wav,track
track (60).wav,track
track (61).wav,track
track (62).wav,track
track (63).wav,track
track (64).wav,track
track (65).wav,track
track (66).wav,track
track (67).wav,track
track (68).wav,track
track (69).wav,track
track (7).wav,track
track (70).wav,track
track (71).wav,track
track (72).wav,track
track (73).wav,track
track (74).wav,track
track (75).wav,track
track (76).wav,track
track (77).wav,track
track (78).wav,track
track (79).wav,track
track (8).wav,track
track (80).wav,track
track (81).wav,track
track (82).wav,track
track (83).wav,track
track (84).wav,track
track (85).wav,track
track (86).wav,track
track (87).wav,track
track (88).wav,track
track (89).wav,track
track (9).wav,track
track (90).wav,track
track (91).wav,track
track (92).wav,track
track (93).wav,track
track (94).wav,track
track (95).wav,track
track (96).wav,track
track (97).wav,track
track (98).wav,track
track (99).wav,track
zoom (1).wav,zoom
zoom (10).wav,zoom
zoom (100).wav,zoom
zoom (11).wav,zoom
zoom (12).wav,zoom
zoom (13).wav,zoom
zoom (14).wav,zoom
zoom (15).wav,zoom
zoom (16).wav,zoom
zoom (17).wav,zoom
zoom (18).wav,zoom
zoom (19).wav,zoom
zoom (2).wav,zoom
zoom (20).wav,zoom
zoom (21).wav,zoom
zoom (22).wav,zoom
zoom (23).wav,zoom
zoom (24).wav,zoom
zoom (25).wav,zoom
zoom (26).wav,zoom
zoom (27).wav,zoom
zoom (28).wav,zoom
zoom (29).wav,zoom
zoom (3).wav,zoom
zoom (30).wav,zoom
zoom (31).wav,zoom
zoom (32).wav,zoom
zoom (33).wav,zoom
zoom (34).wav,zoom
zoom (35).wav,zoom
zoom (36).wav,zoom
zoom (37).wav,zoom
zoom (38).wav,zoom
zoom (39).wav,zoom
zoom (4).wav,zoom
zoom (40).wav,zoom
zoom (41).wav,zoom
zoom (42).wav,zoom
zoom (43).wav,zoom
zoom (44).wav,zoom
zoom (45).wav,zoom
zoom (46).wav,zoom
zoom (47).wav,zoom
zoom (48).wav,zoom
zoom (49).wav,zoom
zoom (5).wav,zoom
zoom (50).wav,zoom
zoom (51).wav,zoom
zoom (52).wav,zoom
zoom (53).wav,zoom
zoom (54).wav,zoom
zoom (55).wav,zoom
zoom (56).wav,zoom
zoom (57).wav,zoom
zoom (58).wav,zoom
zoom (59).wav,zoom
zoom (6).wav,zoom
zoom (60).wav,zoom
zoom (61).wav,zoom
zoom (62).wav,zoom
zoom (63).wav,zoom
zoom (64).wav,zoom
zoom (65).wav,zoom
zoom (66).wav,zoom
zoom (67).wav,zoom
zoom (68).wav,zoom
zoom (69).wav,zoom
zoom (7).wav,zoom
zoom (70).wav,zoom
zoom (71).wav,zoom
zoom (72).wav,zoom
zoom (73).wav,zoom
zoom (74).wav,zoom
zoom (75).wav,zoom
zoom (76).wav,zoom
zoom (77).wav,zoom
zoom (78).wav,zoom
zoom (79).wav,zoom
zoom (8).wav,zoom
zoom (80).wav,zoom
zoom (81).wav,zoom
zoom (82).wav,zoom
zoom (83).wav,zoom
zoom (84).wav,zoom
zoom (85).wav,zoom
zoom (86).wav,zoom
zoom (87).wav,zoom
zoom (88).wav,zoom
zoom (89).wav,zoom
zoom (9).wav,zoom
zoom (90).wav,zoom
zoom (91).wav,zoom
zoom (92).wav,zoom
zoom (93).wav,zoom
zoom (94).wav,zoom
zoom (95).wav,zoom
zoom (96).wav,zoom
zoom (97).wav,zoom
zoom (98).wav,zoom
zoom (99).wav,zoom
